ville,lien
Anse-Bertrand (97121),/management/ville/anse-bertrand/ville-97102
Baie-Mahault (97122),/management/ville/baie-mahault/ville-97103
Baillif (97123),/management/ville/baillif/ville-97104
Basse-Terre (97100),/management/ville/basse-terre/ville-97105
Bouillante (97125),/management/ville/bouillante/ville-97106
Capesterre-Belle-Eau (97130),/management/ville/capesterre-belle-eau/ville-97107
Capesterre-de-Marie-Galante (97140),/management/ville/capesterre-de-marie-galante/ville-97108
Deshaies (97126),/management/ville/deshaies/ville-97111
Gourbeyre (97113),/management/ville/gourbeyre/ville-97109
Goyave (97128),/management/ville/goyave/ville-97114
Grand-Bourg (97112),/management/ville/grand-bourg/ville-97112
La Désirade (97127),/management/ville/la-desirade/ville-97110
Lamentin (97129),/management/ville/lamentin/ville-97115
Le Gosier (97190),/management/ville/le-gosier/ville-97113
Le Moule (97160),/management/ville/le-moule/ville-97117
Les Abymes (97139),/management/ville/les-abymes/ville-97101
Morne-à-l'Eau (97111),/management/ville/morne-a-l-eau/ville-97116
Petit-Bourg (97170),/management/ville/petit-bourg/ville-97118
Petit-Canal (97131),/management/ville/petit-canal/ville-97119
Pointe-à-Pitre (97110),/management/ville/pointe-a-pitre/ville-97120
Pointe-Noire (97116),/management/ville/pointe-noire/ville-97121
Port-Louis (97117),/management/ville/port-louis/ville-97122
Saint-Claude (97120),/management/ville/saint-claude/ville-97124
Saint-François (97118),/management/ville/saint-francois/ville-97125
Saint-Louis (97134),/management/ville/saint-louis/ville-97126
Sainte-Anne (97180),/management/ville/sainte-anne/ville-97128
Sainte-Rose (97115),/management/ville/sainte-rose/ville-97129
Terre-de-Bas (97136),/management/ville/terre-de-bas/ville-97130
Terre-de-Haut (97137),/management/ville/terre-de-haut/ville-97131
Trois-Rivières (97114),/management/ville/trois-rivieres/ville-97132
Vieux-Fort (97141),/management/ville/vieux-fort/ville-97133
Vieux-Habitants (97119),/management/ville/vieux-habitants/ville-97134
